sample_id,scene_id,split,image_path,mask_path,pair_valid,reason,final_split
2018_12_07_b,2018_12_07_b,train,C:\Users\nithy\Downloads\OILWATCH-SAR-complete-prototype\OILWATCH-SAR\dataset\raw\train\images\2018_12_07_b.tif,C:\Users\nithy\Downloads\OILWATCH-SAR-complete-prototype\OILWATCH-SAR\dataset\raw\train\masks\2018_12_07_b.tif,True,valid,train
2018_12_19_f_,2018_12_19_f_,test,C:\Users\nithy\Downloads\OILWATCH-SAR-complete-prototype\OILWATCH-SAR\dataset\raw\test\images\2018_12_19_f_.tif,C:\Users\nithy\Downloads\OILWATCH-SAR-complete-prototype\OILWATCH-SAR\dataset\raw\test\masks\2018_12_19_f_.tif,True,valid,test
2018_12_19_d,2018_12_19_d,test,C:\Users\nithy\Downloads\OILWATCH-SAR-complete-prototype\OILWATCH-SAR\dataset\raw\test\images\2018_12_19_d.tif,C:\Users\nithy\Downloads\OILWATCH-SAR-complete-prototype\OILWATCH-SAR\dataset\raw\test\masks\2018_12_19_d.tif,True,valid,test
2018_08_21_,2018_08_21_,train,C:\Users\nithy\Downloads\OILWATCH-SAR-complete-prototype\OILWATCH-SAR\dataset\raw\train\images\2018_08_21_.tif,C:\Users\nithy\Downloads\OILWATCH-SAR-complete-prototype\OILWATCH-SAR\dataset\raw\train\masks\2018_08_21_.tif,True,valid,train
20200331,20200331,train,C:\Users\nithy\Downloads\OILWATCH-SAR-complete-prototype\OILWATCH-SAR\dataset\raw\train\images\20200331.tif,C:\Users\nithy\Downloads\OILWATCH-SAR-complete-prototype\OILWATCH-SAR\dataset\raw\train\masks\20200331.tif,True,valid,train
2018_12_19_b,2018_12_19_b,train,C:\Users\nithy\Downloads\OILWATCH-SAR-complete-prototype\OILWATCH-SAR\dataset\raw\train\images\2018_12_19_b.tif,C:\Users\nithy\Downloads\OILWATCH-SAR-complete-prototype\OILWATCH-SAR\dataset\raw\train\masks\2018_12_19_b.tif,True,valid,train
2018_12_31_b,2018_12_31_b,train,C:\Users\nithy\Downloads\OILWATCH-SAR-complete-prototype\OILWATCH-SAR\dataset\raw\train\images\2018_12_31_b.tif,C:\Users\nithy\Downloads\OILWATCH-SAR-complete-prototype\OILWATCH-SAR\dataset\raw\train\masks\2018_12_31_b.tif,True,valid,val
20200822,20200822,train,C:\Users\nithy\Downloads\OILWATCH-SAR-complete-prototype\OILWATCH-SAR\dataset\raw\train\images\20200822.tif,C:\Users\nithy\Downloads\OILWATCH-SAR-complete-prototype\OILWATCH-SAR\dataset\raw\train\masks\20200822.tif,True,valid,train
20191015,20191015,test,C:\Users\nithy\Downloads\OILWATCH-SAR-complete-prototype\OILWATCH-SAR\dataset\raw\test\images\20191015.tif,C:\Users\nithy\Downloads\OILWATCH-SAR-complete-prototype\OILWATCH-SAR\dataset\raw\test\masks\20191015.tif,True,valid,test
2018_12_19_e,2018_12_19_e,test,C:\Users\nithy\Downloads\OILWATCH-SAR-complete-prototype\OILWATCH-SAR\dataset\raw\test\images\2018_12_19_e.tif,C:\Users\nithy\Downloads\OILWATCH-SAR-complete-prototype\OILWATCH-SAR\dataset\raw\test\masks\2018_12_19_e.tif,True,valid,test
20200224,20200224,train,C:\Users\nithy\Downloads\OILWATCH-SAR-complete-prototype\OILWATCH-SAR\dataset\raw\train\images\20200224.tif,C:\Users\nithy\Downloads\OILWATCH-SAR-complete-prototype\OILWATCH-SAR\dataset\raw\train\masks\20200224.tif,True,valid,val
20200319,20200319,train,C:\Users\nithy\Downloads\OILWATCH-SAR-complete-prototype\OILWATCH-SAR\dataset\raw\train\images\20200319.tif,C:\Users\nithy\Downloads\OILWATCH-SAR-complete-prototype\OILWATCH-SAR\dataset\raw\train\masks\20200319.tif,True,valid,train
2018_09_14_,2018_09_14_,train,C:\Users\nithy\Downloads\OILWATCH-SAR-complete-prototype\OILWATCH-SAR\dataset\raw\train\images\2018_09_14_.tif,C:\Users\nithy\Downloads\OILWATCH-SAR-complete-prototype\OILWATCH-SAR\dataset\raw\train\masks\2018_09_14_.tif,True,valid,train
20200319b,20200319b,test,C:\Users\nithy\Downloads\OILWATCH-SAR-complete-prototype\OILWATCH-SAR\dataset\raw\test\images\20200319b.tif,C:\Users\nithy\Downloads\OILWATCH-SAR-complete-prototype\OILWATCH-SAR\dataset\raw\test\masks\20200319b.tif,True,valid,test
20200307,20200307,train,C:\Users\nithy\Downloads\OILWATCH-SAR-complete-prototype\OILWATCH-SAR\dataset\raw\train\images\20200307.tif,C:\Users\nithy\Downloads\OILWATCH-SAR-complete-prototype\OILWATCH-SAR\dataset\raw\train\masks\20200307.tif,True,valid,train
20190816,20190816,train,C:\Users\nithy\Downloads\OILWATCH-SAR-complete-prototype\OILWATCH-SAR\dataset\raw\train\images\20190816.tif,C:\Users\nithy\Downloads\OILWATCH-SAR-complete-prototype\OILWATCH-SAR\dataset\raw\train\masks\20190816.tif,True,valid,val
2018_12_19,2018_12_19,train,C:\Users\nithy\Downloads\OILWATCH-SAR-complete-prototype\OILWATCH-SAR\dataset\raw\train\images\2018_12_19.tif,C:\Users\nithy\Downloads\OILWATCH-SAR-complete-prototype\OILWATCH-SAR\dataset\raw\train\masks\2018_12_19.tif,True,valid,train
20190908,20190908,train,C:\Users\nithy\Downloads\OILWATCH-SAR-complete-prototype\OILWATCH-SAR\dataset\raw\train\images\20190908.tif,C:\Users\nithy\Downloads\OILWATCH-SAR-complete-prototype\OILWATCH-SAR\dataset\raw\train\masks\20190908.tif,True,valid,train
2018_09_26,2018_09_26,test,C:\Users\nithy\Downloads\OILWATCH-SAR-complete-prototype\OILWATCH-SAR\dataset\raw\test\images\2018_09_26.tif,C:\Users\nithy\Downloads\OILWATCH-SAR-complete-prototype\OILWATCH-SAR\dataset\raw\test\masks\2018_09_26.tif,True,valid,test
20200224_b,20200224_b,test,C:\Users\nithy\Downloads\OILWATCH-SAR-complete-prototype\OILWATCH-SAR\dataset\raw\test\images\20200224_b.tif,C:\Users\nithy\Downloads\OILWATCH-SAR-complete-prototype\OILWATCH-SAR\dataset\raw\test\masks\20200224_b.tif,True,valid,test
2018_12_07,2018_12_07,train,C:\Users\nithy\Downloads\OILWATCH-SAR-complete-prototype\OILWATCH-SAR\dataset\raw\train\images\2018_12_07.tif,C:\Users\nithy\Downloads\OILWATCH-SAR-complete-prototype\OILWATCH-SAR\dataset\raw\train\masks\2018_12_07.tif,True,valid,train
